Code	Localite
1000	Bruxelles
1050	Ixelles
1070	Anderlecht
1170	Watermael-Boitsfort
1180	Uccle
1200	Woluwe-Saint-Lambert
1301	Bierges
1310	La Hulpe
1320	L'ecluse
1320	Tourinnes-La-Grosse
1348	Louvain-La-Neuve
1350	Jandrain-Jandrenouille
1360	Orbais
1367	Bomal
1367	Gérompont
1367	Mont-Saint-André
1370	Lathuy
1370	Zétrud-Lumay
1380	Lasne
1390	Archennes
1400	Monstreux
1428	Lillois-Witterzée
1430	Quenast
1435	Corbais
1435	Hévillers
1435	Mont-Saint-Guibert
1457	Walhain-Saint-Paul
1460	Ittre
1460	Virginal-Samme
1470	Bousval
1476	Houtain-Le-Val
1480	Clabecq
1490	Court-Saint-Etienne
1495	Mellery
1495	Tilly
1500	Halle
1540	Herfelingen
1570	Vollezele
1600	Sint-Laureins-Berchem
1600	Sint-Pieters-Leeuw
1602	Vlezenbeek
1650	Beersel
1651	Lot
1670	Heikruis
1674	Bellingen
1730	Asse
1742	Sint-Katherina-Lombeek
1745	Mazenzele
1750	Sint-Kwintens-Lennik
1755	Kester
1760	Roosdaal
1760	Strijtem
1785	Brussegem
1790	Hekelgem
1800	Vilvoorde
1853	Strombeek-Bever
1930	Nossegem
2040	Berendrecht
2150	Borsbeek
2170	Merksem
2180	Ekeren
2200	Herentals
2223	Schriek
2235	Westmeerbeek
2240	Massenhoven
2240	Viersel
2260	Oevel
2275	Wechelderzande
2310	Rijkevorsel
2340	Vlimmeren
2430	Laakdal
2430	Vorst
2431	Varendonk
2460	Tielen
2500	Koningshooikt
2520	Oelegem
2590	Berlaar
2620	Hemiksem
2800	Mechelen
2801	Heffen
2840	Reet
2845	Niel
2870	Breendonk
2920	Kalmthout
2930	Brasschaat
2960	Sint-Lenaarts
2990	Loenhout
3000	Leuven
3010	Kessel Lo
3040	Loonbeek
3050	Oud-Heverlee
3061	Leefdaal
3071	Erps-Kwerps
3078	Meerbeek
3118	Werchter
3200	Aarschot
3202	Rillaar
3210	Linden
3271	Averbode
3300	Bost
3300	Goetsenhoven
3320	Meldert
3321	Outgaarden
3360	Bierbeek
3380	Bunsbeek
3381	Kapellen
3390	Sint-Joris-Winge
3390	Tielt-Winge
3400	Eliksem
3400	Rumsdorp
3400	Wange
3401	Waasmont
3404	Neerlanden
3440	Halle-Booienhoven
3440	Helen-Bos
3460	Assent
3460	Bekkevoort
3472	Kersbeek-Miskom
3501	Wimmertingen
3520	Zonhoven
3530	Houthalen
3540	Schulen
3545	Loksbergen
3545	Zelem
3560	Meldert
3580	Beringen
3620	Neerharen
3630	Eisden
3630	Leut
3630	Maasmechelen
3630	Meeswijk
3640	Molenbeersel
3665	As
3700	Berg
3700	Widooie
3724	Vliermaal
3740	Eigenbilzen
3740	Rijkhoven
3770	Kanne
3770	Membruggen
3793	Teuven
3800	Halmaal
3830	Berlingen
3840	Haren
3850	Kozen
3850	Wijer
3870	Rukkelingen-Loon
3870	Vechmaal
3910	Neerpelt
3910	Sint-Huibrechts-Lille
4000	Liège
4030	Grivegnee
4050	Chaudfontaine
4102	Ougrée
4121	Neuville-En-Condroz
4130	Tilff
4140	Rouvreux
4170	Comblain-Au-Pont
4190	Vieuxville
4219	Meeffe
4219	Wasseiges
4253	Darion
4254	Ligney
4280	Blehen
4280	Cras-Avernas
4280	Wansin
4317	Viemme
4347	Fexhe-Le-Haut-Clocher
4351	Hodeige
4360	Oreye
4400	Mons-Lez-Liège
4430	Ans
4431	Loncin
4450	Juprelle
4460	Grâce-Berleur
4480	Ehein
4520	Moha
4520	Wanze
4530	Villers-Le-Bouillet
4537	Bodegnée
4537	Chapon-Seraing
4537	Seraing-Le-Château
4540	Jehay
4557	Abée
4557	Ramelot
4560	Bois-Et-Borsu
4560	Pailhe
4590	Ouffet
4607	Bombaye
4608	Warsage
4632	Cérexhe-Heuseux
4650	Grand-Rechain
4670	Blégny
4671	Saive
4682	Heure-Le-Romain
4690	Eben-Emael
4750	Elsenborn
4761	Rocherath
4790	Burg-Reuland
4800	Petit-Rechain
4840	Welkenraedt
4841	Henri-Chapelle
4845	Jalhay
4850	Montzen
4850	Moresnet
4880	Aubel
4890	Thimister-Clermont
4910	Theux
4970	Stavelot
4987	Stoumont
4990	Arbrefontaine
4990	Lierneux
5003	Saint-Marc
5020	Flawinne
5020	Malonne
5024	Gelbressée
5032	Mazy
5060	Arsimont
5060	Sambreville
5070	Sart-Saint-Laurent
5100	Dave
5140	Sombreffe
5140	Tongrinne
5150	Floriffoux
5150	Soye
5170	Rivière
5190	Jemeppe-Sur-Sambre
5190	Onoz
5300	Andenne
5300	Bonneville
5300	Coutisse
5310	Bolinne
5310	Upigny
5336	Courrière
5340	Sorée
5354	Jallet
5370	Barvaux-Condroz
5370	Porcheresse
5372	Méan
5377	Sinsin
5380	Tillier
5500	Anseremme
5500	Falmagne
5501	Lisogne
5524	Gerin
5530	Durnal
5530	Godinne
5530	Houx
5530	Purnode
5537	Denée
5537	Haut-Le-Wastia
5537	Warnant
5541	Hastière-Par-Delà
5550	Chairière
5550	Pussemange
5550	Vresse-Sur-Semois
5555	Oizy
5571	Wiesme
5572	Focant
5575	Bourseigne-Vieille
5575	Gedinne
5580	Mont-Gauthier
5590	Chevetogne
5590	Pessoux
5600	Vodecée
5620	Rosée
5630	Senzeille
5640	Mettet
5640	Saint-Gérard
5646	Stave
5650	Fontenelle
5650	Vogenée
5650	Yves-Gomezée
5651	Tarcienne
5660	Boussu-En-Fagne
5660	Dailly
5660	Mariembourg
5660	Presgaux
5670	Treignes
5680	Soulme
6001	Marcinelle
6010	Couillet
6030	Goutroux
6061	Montignies-Sur-Sambre
6110	Montigny-Le-Tilleul
6141	Forchies-La-Marche
6200	Châtelet
6210	Frasnes-Lez-Gosselies
6220	Lambusart
6440	Vergnies
6460	Saint-Remy
6463	Lompret
6464	Bourlers
6464	Rièzes
6470	Rance
6500	Leval-Chaudeville
6500	Renlies
6511	Strée
6536	Donstiennes
6540	Mont-Sainte-Geneviève
6592	Monceau-Imbrechies
6600	Noville
6640	Vaux-Lez-Rosières
6640	Vaux-Sur-Sûre
6661	Tailles
6670	Gouvy
6680	Amberloup
6680	Tillet
6686	Flamierge
6690	Bihain
6704	Guirsch
6717	Nobressart
6720	Hachy
6723	Habay-La-Vieille
6730	Bellefontaine
6740	Villers-Sur-Semois
6747	Meix-Le-Tige
6761	Latour
6762	Saint-Mard
6767	Dampicourt
6767	Rouvroy
6767	Torgny
6769	Meix-Devant-Virton
6800	Freux
6800	Libramont-Chevigny
6810	Jamoigne
6813	Termes
6821	Lacuisine
6830	Les Hayons
6830	Poupehan
6833	Ucimont
6834	Bellevaux
6838	Corbion
6840	Hamipré
6850	Carlsbourg
6851	Nollevaux
6852	Maissin
6853	Framont
6860	Mellier
6870	Arville
6870	Awenne
6870	Hatrival
6880	Jehonville
6887	Saint-Médard
6887	Straimont
6890	Libin
6890	Smuid
6900	Aye
6900	Humain
6921	Chanly
6922	Halma
6927	Tellin
6941	Heyd
6950	Nassogne
6952	Grune
6953	Masbourg
6960	Vaux-Chavanne
6971	Champlon
6980	Beausaint
6982	Samrée
6997	Mormont
7012	Flénu
7022	Harveng
7022	Hyon
7040	Asquillies
7050	Erbaut
7050	Herchies
7061	Thieusies
7063	Chaussée-Notre-Dame-Louvignies
7070	Thieu
7080	Frameries
7090	Steenkerque
7120	Estinnes-Au-Mont
7130	Bray
7141	Mont-Sainte-Aldegonde
7170	La Hestre
7170	Manage
7300	Boussu
7321	Blaton
7322	Ville-Pommeroeul
7334	Villerot
7340	Wasmes
7370	Blaugies
7387	Angre
7387	Athis
7387	Onnezies
7390	Quaregnon
7500	Tournai
7503	Froyennes
7504	Froidmont
7522	Hertain
7542	Mont-Saint-Aubert
7604	Baugnies
7604	Braffe
7604	Callenelle
7611	La Glanerie
7620	Guignies
7641	Bruyelle
7643	Fontenoy
7700	Luingne
7730	Estaimbourg
7730	Saint-Léger
7760	Popuelles
7783	Bizet
7804	Ostiches
7804	Rebaix
7810	Maffle
7812	Villers-Saint-Amand
7861	Wannebecq
7866	Ollignies
7870	Lens
7903	Blicquy
7910	Cordes
7911	Oeudeghien
7942	Mévergnies-Lez-Lens
7971	Basècles
7971	Ramegnies
7971	Wadelincourt
7973	Grandglise
8020	Oostkamp
8200	Sint-Michiels
8300	Knokke-Heist
8340	Lapscheure
8340	Moerkerke
8377	Nieuwmunster
8400	Oostende
8400	Zandvoorde
8420	De Haan
8420	Wenduine
8432	Leffinge
8433	Schore
8434	Westende
8460	Oudenburg
8490	Varsenare
8510	Bellegem
8510	Kooigem
8510	Rollegem
8550	Zwevegem
8551	Heestert
8560	Moorsele
8570	Anzegem
8587	Espierres-Helchin
8600	Pervijze
8600	Stuivekenskerke
8610	Werken
8620	Ramskapelle
8620	Sint-Joris
8630	Booitshoeke
8630	De Moeren
8630	Wulveringem
8630	Zoutenaaie
8640	Woesten
8647	Lo-Reninge
8650	Houthulst
8650	Klerken
8670	Koksijde
8700	Aarsele
8720	Wakken
8740	Egem
8755	Ruiselede
8793	Sint-Eloois-Vijve
8870	Kachtem
8880	Rollegem-Kapelle
8880	Sint-Eloois-Winkel
8902	Voormezele
8930	Rekkem
8940	Geluwe
8951	Dranouter
8954	Westouter
8956	Kemmel
8957	Messines
8972	Roesbrugge-Haringe
8978	Watou
8980	Beselare
8980	Zonnebeke
9031	Drongen
9042	Desteldonk
9042	Sint-Kruis-Winkel
9070	Destelbergen
9080	Beervelde
9080	Zaffelare
9120	Melsele
9150	Kruibeke
9160	Daknam
9170	De Klinge
9170	Sint-Gillis-Waas
9190	Stekene
9200	Grembergen
9220	Hamme
9230	Westrem
9230	Wetteren
9270	Kalken
9300	Aalst
9320	Erembodegem
9400	Voorde
9402	Meerbeke
9404	Aspelare
9406	Outer
9420	Mere
9420	Ottergem
9500	Geraardsbergen
9506	Idegem
9550	Steenhuize-Wijnhuize
9550	Woubrechtegem
9570	Deftinge
9571	Hemelveerdegem
9620	Elene
9620	Sint-Maria-Oudenhove
9620	Zottegem
9630	Hundelgem
9630	Sint-Denijs-Boekel
9630	Zwalm
9660	Sint-Maria-Oudenhove
9680	Maarke-Kerkem
9700	Edelare
9700	Heurne
9700	Melden
9700	Welden
9750	Huise
9790	Moregem
9800	Meigem
9831	Deurle
9850	Merendree
9850	Poesele
9881	Bellem
9890	Dikkelvenne
9890	Vurste
9910	Ursel
9940	Ertvelde
9940	Evergem
9970	Kaprijke
9982	Sint-Jan-In-Eremo
1020	Laeken
1080	Molenbeek-Saint-Jean
1082	Berchem-Sainte-Agathe
1083	Ganshoren
1120	Neder-Over-Heembeek
1320	Beauvechain
1320	Hamme-Mille
1325	Longueville
1340	Ottignies
1350	Enines
1350	Jauche
1350	Orp-Le-Grand
1360	Malèves-Sainte-Marie-Wastines
1367	Ramillies
1370	Jodoigne-Souveraine
1370	Piétrain
1380	Lasne-Chapelle-Saint-Lambert
1380	Maransart
1380	Ohain
1390	Bossut-Gottechain
1410	Waterloo
1420	Braine-L'alleud
1430	Rebecq
1440	Braine-Le-Château
1450	Cortil-Noirmont
1450	Gentinnes
1457	Walhain
1480	Saintes
1495	Sart-Dames-Avelines
1570	Tollembeek
1653	Dworp
1654	Huizingen
1671	Elingen
1703	Schepdaal
1750	Sint-Martens-Lennik
1755	Oetingen
1785	Merchtem
1831	Diegem
1840	Londerzeel
1851	Humbeek
1852	Beigem
1880	Ramsdonk
1980	Zemst
1982	Weerde
2040	Antwerpen
2050	Antwerpen
2060	Antwerpen
2070	Burcht
2070	Zwijndrecht
2110	Wijnegem
2160	Wommelgem
2243	Pulle
2250	Olen
2275	Lille
2288	Bouwel
2320	Hoogstraten
2370	Arendonk
2470	Retie
2480	Dessel
2491	Olmen
2540	Hove
2547	Lint
2550	Waarloos
2560	Kessel
2560	Nijlen
2630	Aartselaar
2640	Mortsel
2830	Heindonk
2850	Boom
2870	Liezele
2880	Bornem
2880	Mariekerke
2890	Oppuurs
2910	Essen
2980	Zoersel
3001	Heverlee
3040	Sint-Agatha-Rode
3070	Kortenberg
3080	Duisburg
3090	Overijse
3128	Baal
3130	Betekom
3150	Wespelaar
3220	Holsbeek
3221	Nieuwrode
3270	Scherpenheuvel
3290	Deurne
3293	Kaggevinne
3300	Sint-Margriete-Houtem
3350	Neerhespen
3350	Neerlinter
3350	Orsmaal-Gussenhoven
3350	Wommersom
3370	Neervelp
3370	Willebringen
3390	Tielt
3400	Laar
3400	Landen
3440	Budingen
3510	Spalbeek
3512	Stevoort
3550	Zolder
3620	Gellik
3630	Vucht
3631	Boorsem
3650	Dilsen-Stokkem
3650	Elen
3650	Lanklaar
3660	Opglabbeek
3668	Niel-Bij-As
3680	Neeroeteren
3700	Kolmont
3721	Vliermaalroot
3722	Wintershoven
3732	Schalkhoven
3770	Genoelselderen
3770	Herderen
3770	Vlijtingen
3770	Vroenhoven
3770	Zichen-Zussen-Bolder
3792	Fouron-Saint-Pierre
3800	Aalst
3800	Ordingen
3800	Sint-Truiden
3840	Groot-Loon
3840	Hoepertingen
3850	Binderveld
3870	Bovelingen
3870	Heks
3890	Boekhout
3890	Gingelom
3890	Montenaken
3890	Niel-Bij-Sint-Truiden
3891	Muizen
3920	Lommel
3930	Hamont-Achel
3950	Reppel
3960	Gerdingen
3960	Opitter
3960	Tongerlo
3971	Heppen
3990	Kleine-Brogel
4000	Rocourt
4020	Liège
4041	Milmort
4130	Esneux
4140	Sprimont
4160	Anthisnes
4163	Tavier
4180	Comblain-La-Tour
4180	Hamoir
4181	Filot
4190	Ferrières
4190	Werbomont
4210	Burdinne
4210	Lamontzée
4210	Oteppe
4263	Tourinne
4280	Bertrée
4280	Grand-Hallet
4280	Hannut
4300	Bovenistier
4300	Grand-Axhe
4300	Oleye
4357	Donceel
4360	Bergilers
4360	Grandville
4367	Odeur
4400	Awirs
4400	Chokier
4400	Flémalle
4400	Ivoz-Ramet
4420	Tilleur
4458	Fexhe-Slins
4520	Huccorgne
4530	Fize-Fontaine
4530	Vieux-Waleffe
4550	Nandrin
4557	Fraiture
4560	Clavier
4600	Lanaye
4601	Argenteau
4606	Saint-André
4608	Neufchâteau
4623	Magnée
4624	Romsée
4630	Micheroux
4650	Chaineux
4650	Julémont
4652	Xhendelesse
4653	Bolland
4671	Barchon
4681	Hermalle-Sous-Argenteau
4682	Houtain-Saint-Siméon
4683	Vivegnis
4690	Bassenge
4721	Neu-Moresnet
4760	Bullange
4770	Amblève
4780	Saint-Vith
4783	Lommersweiler
4800	Ensival
4800	Polleur
4800	Verviers
4860	Pepinster
4877	Olne
4890	Clermont
4920	Harzé
4920	Louveigné
4950	Sourbrodt
4970	Francorchamps
4987	La Gleize
4987	Rahier
5000	Namur
5004	Bouge
5030	Gembloux
5032	Bothey
5032	Corroy-Le-Château
5032	Isnes
5060	Moignelée
5070	Vitrival
5080	La Bruyère
5100	Naninne
5100	Wierde
5150	Floreffe
5150	Franière
5170	Lesve
5190	Ham-Sur-Sambre
5190	Spy
5300	Thon
5310	Boneffe
5310	Saint-Germain
5310	Waret-La-Chaussée
5353	Goesnes
5364	Schaltin
5370	Verlée
5380	Hingeon
5380	Noville-Les-Bois
5500	Bouvignes-Sur-Meuse
5500	Dinant
5500	Falmignoul
5500	Furfooz
5530	Mont
5540	Hastière
5542	Blaimont
5543	Heer
5544	Agimont
5550	Nafraiture
5555	Bellefontaine
5555	Graide
5560	Houyet
5562	Custinne
5563	Hour
5570	Dion
5570	Wancennes
5575	Louette-Saint-Pierre
5575	Malvoisin
5575	Patignies
5580	Buissonville
5590	Haversin
5590	Serinchamps
5600	Sart-En-Fagne
5600	Villers-Le-Gambon
5620	Flavion
5620	Morville
5621	Hanzinne
5621	Morialmé
5630	Silenrieux
5630	Villers-Deux-Eglises
5641	Furnaux
5650	Castillon
5650	Fraire
5650	Walcourt
5651	Berzée
5651	Rognée
5651	Somzée
5651	Thy-Le-Château
5660	Brûly
5660	Couvin
5660	Cul-Des-Sarts
5660	Frasnes
5660	Gonrieux
5660	Petigny
5670	Nismes
5680	Gimnée
5680	Niverlée
6000	Charleroi
6032	Mont-Sur-Marchienne
6043	Ransart
6120	Cour-Sur-Heure
6140	Fontaine-L'evêque
6181	Gouy-Lez-Piéton
6182	Souvret
6210	Rèves
6220	Fleurus
6222	Brye
6230	Obaix
6280	Acoz
6280	Loverval
6460	Robechies
6461	Virelles
6470	Grandrieu
6470	Sivry
6500	Barbençon
6500	Thirimont
6540	Lobbes
6567	Merbes-Sainte-Marie
6590	Momignies
6600	Wardin
6640	Hompré
6660	Houffalize
6672	Beho
6673	Cherain
6674	Montleban
6721	Anlier
6750	Signeulx
6760	Bleid
6760	Ethe
6767	Harnoncourt
6767	Lamorteau
6769	Robelmont
6792	Halanzy
6800	Remagne
6820	Florenville
6820	Fontenoille
6820	Muno
6830	Bouillon
6830	Rochehaut
6833	Vivy
6850	Paliseul
6860	Assenois
6860	Ebly
6870	Mirwart
6870	Vesqueville
6890	Anloy
6890	Transinne
6940	Durbuy
6940	Wéris
6941	Bomal-Sur-Ourthe
6941	Izier
6953	Ambly
6983	Ortho
6990	Hampteau
6990	Hotton
6997	Erezée
7021	Havre
7022	Nouvelles
7024	Ciply
7034	Obourg
7040	Blaregnies
7040	Bougnies
7040	Genly
7040	Quévy
7050	Masnuy-Saint-Jean
7061	Casteau
7063	Neufvilles
7070	Gottignies
7070	Ville-Sur-Haine
7090	Braine-Le-Comte
7090	Henripont
7110	Houdeng-Goegnies
7120	Estinnes-Au-Val
7120	Haulchin
7180	Seneffe
7181	Arquennes
7181	Familleureux
7301	Hornu
7330	Saint-Ghislain
7340	Warquignies
7350	Montroeul-Sur-Haine
7350	Thulin
7370	Wihéries
7380	Quiévrain
7382	Audregnies
7387	Erquennes
7387	Honnelles
7501	Orcq
7522	Marquain
7530	Gaurain-Ramecroix
7536	Vaulx
7540	Kain
7600	Péruwelz
7601	Roucourt
7602	Bury
7620	Brunehaut
7640	Maubray
7711	Dottignies
7712	Herseaux
7730	Néchin
7740	Pecq
7750	Mont-De-L'enclus
7750	Orroir
7760	Velaines
7780	Comines-Warneton
7784	Bas-Warneton
7802	Ormeignies
7812	Ligne
7822	Isières
7830	Bassilly
7830	Silly
7850	Enghien
7900	Grandmetz
7901	Thieulain
7910	Anvaing
7911	Moustier
7940	Cambron-Casteau
7941	Attre
7950	Huissignies
7973	Stambruges
8020	Ruddervoorde
8301	Ramskapelle
8380	Lissewege
8380	Zeebrugge
8421	Vlissegem
8433	Mannekensvere
8470	Snaaskerke
8470	Zevekote
8480	Bekegem
8480	Eernegem
8560	Gullegem
8570	Gijzelbrechtegem
8570	Ingooigem
8581	Waarmaarde
8600	Beerst
8600	Diksmuide
8600	Driekapellen
8600	Esen
8600	Keiem
8600	Lampernisse
8600	Nieuwkapelle
8610	Kortemark
8610	Zarren
8620	Nieuwpoort
8630	Vinkem
8640	Oostvleteren
8640	Westvleteren
8690	Alveringem
8691	Leisele
8730	Beernem
8730	Oedelem
8750	Wingene
8750	Zwevezele
8792	Desselgem
8800	Rumbeke
8830	Gits
8870	Izegem
8900	Ieper
8904	Boezinge
8904	Zuidschote
8920	Langemark-Poelkapelle
8930	Lauwe
8950	Nieuwkerke
8953	Wijtschate
8958	Loker
8980	Geluveld
9041	Oostakker
9042	Mendonk
9070	Heusden
9100	Sint-Niklaas
9120	Vrasene
9130	Doel
9140	Elversele
9170	Meerdonk
9170	Sint-Pauwels
9180	Moerbeke-Waas
9200	Appels
9200	Oudegem
9240	Zele
9250	Waasmunster
9255	Buggenhout
9260	Schellebelle
9280	Lebbeke
9290	Uitbergen
9340	Impe
9400	Nederhasselt
9420	Erondegem
9451	Kerksken
9470	Denderleeuw
9473	Welle
9500	Goeferdinge
9500	Ophasselt
9500	Viane
9506	Smeerebbe-Vloerzegem
9520	Vlierzele
9620	Strijpen
9620	Velzeke-Ruddershove
9630	Roborst
9630	Sint-Blasius-Boekel
9630	Sint-Maria-Latem
9660	Everbeek
9660	Opbrakel
9661	Parike
9690	Kwaremont
9690	Zulzeke
9700	Ooike
9700	Volkegem
9750	Ouwegem
9771	Nokere
9790	Elsegem
9800	Astene
9800	Sint-Martens-Leerne
9800	Vinkt
9810	Nazareth
9820	Lemberge
9820	Merelbeke
9820	Schelderode
9850	Hansbeke
9850	Nevele
9850	Vosselare
9890	Baaigem
9910	Knesselare
9940	Kluizen
9950	Waarschoot
9988	Waterland-Oudeman
9991	Adegem
9992	Middelburg
1040	Etterbeek
1060	Saint-Gilles
1081	Koekelberg
1130	Haren
1140	Evere
1190	Forest
1320	Nodebais
1325	Dion-Valmont
1330	Rixensart
1332	Genval
1341	Céroux-Mousty
1342	Limelette
1350	Marilles
1357	Hélécine
1357	Linsmeau
1367	Grand-Rosière-Hottomont
1370	Mélin
1370	Saint-Remy-Geest
1380	Couture-Saint-Germain
1380	Plancenoit
1390	Nethen
1404	Bornival
1470	Genappe
1472	Vieux-Genappe
1541	Sint-Pieters-Kapelle
1570	Galmaarden
1673	Beert
1700	Dilbeek
1700	Sint-Martens-Bodegem
1745	Opwijk
1755	Leerbeek
1760	Onze-Lieve-Vrouw-Lombeek
1761	Borchtlombeek
1820	Melsbroek
1820	Steenokkerzeel
1830	Machelen
1840	Steenhuffel
1850	Grimbergen
1861	Wolvertem
1910	Kampenhout
1933	Sterrebeek
1982	Elewijt
2140	Borgerhout
2221	Booischot
2222	Itegem
2230	Herselt
2235	Hulshout
2242	Pulderbos
2260	Tongerlo
2270	Herenthout
2275	Poederlee
2321	Meer
2328	Meerle
2390	Malle
2390	Oostmalle
2390	Westmalle
2450	Meerhout
2520	Emblem
2520	Ranst
2530	Boechout
2531	Vremde
2580	Beerzel
2580	Putte
2590	Gestel
2600	Berchem
2627	Schelle
2820	Bonheiden
2830	Blaasveld
2840	Rumst
2840	Terhagen
2860	Sint-Katelijne-Waver
2861	Onze-Lieve-Vrouw-Waver
2880	Hingene
2890	Sint-Amands
2900	Schoten
3012	Wilsele
3018	Wijgmaal
3020	Winksele
3040	Neerijse
3040	Ottenburg
3054	Vaalbeek
3078	Everberg
3130	Begijnendijk
3190	Boortmeerbeek
3200	Gelrode
3201	Langdorp
3271	Zichem
3294	Molenstede
3350	Linter
3360	Korbeek-Lo
3360	Opvelp
3370	Boutersem
3370	Kerkom
3400	Ezemaal
3400	Neerwinden
3470	Ransberg
3500	Hasselt
3510	Kermt
3540	Donk
3582	Koersel
3600	Genk
3620	Lanaken
3621	Rekem
3640	Ophoven
3650	Stokkem
3670	Ellikom
3670	Wijshagen
3680	Maaseik
3690	Zutendaal
3700	Haren
3700	Henis
3700	Koninksem
3700	Lauw
3700	Mal
3700	Nerem
3700	Piringen
3700	Riksingen
3700	Sluizen
3720	Kortessem
3730	Sint-Huibrechts-Hern
3740	Beverst
3740	Bilzen
3740	Hees
3740	Kleine-Spouwen
3740	Waltwilder
3770	Millen
3770	Val-Meer
3790	Fouron-Saint-Martin
3790	Mouland
3791	Remersdaal
3800	Engelmanshoven
3800	Gelinden
3803	Gorsem
3803	Runkelen
3840	Broekom
3840	Gors-Opleeuw
3840	Gotem
3840	Hendrieken
3840	Kuttekoven
3870	Heers
3870	Klein-Gelmen
3870	Veulen
3890	Jeuk
3930	Hamont
3940	Hechtel
3945	Oostham
3950	Bocholt
3950	Kaulille
4032	Chênee
4042	Liers
4052	Beaufays
4100	Boncelles
4100	Seraing
4101	Jemeppe-Sur-Meuse
4120	Neupré
4161	Villers-Aux-Tours
4162	Hody
4171	Poulseur
4180	Comblain-Fairon
4257	Corswarem
4260	Ciplet
4261	Latinne
4280	Abolens
4280	Avernas-Le-Bauduin
4280	Lens-Saint-Remy
4280	Merdorp
4280	Poucet
4287	Racour
4340	Fooz
4340	Othée
4347	Roloux
4347	Voroux-Goreux
4350	Lamine
4350	Momalle
4350	Remicourt
4357	Haneffe
4367	Fize-Le-Marsal
4400	Flémalle-Haute
4420	Saint-Nicolas
4432	Alleur
4450	Lantin
4450	Slins
4460	Grâce-Hollogne
4460	Horion-Hozémont
4520	Antheit
4537	Verlaine
4540	Ampsin
4540	Flône
4550	Villers-Le-Temple
4550	Yernée-Fraineux
4557	Seny
4577	Vierset-Barse
4600	Visé
4602	Cheratte
4607	Berneau
4607	Dalhem
4621	Retinne
4633	Melen
4651	Battice
4690	Boirs
4690	Wonck
4700	Eupen
4710	Lontzen
4711	Walhorn
4730	Raeren
4731	Eynatten
4750	Butgenbach
4760	Manderfeld
4770	Meyerode
4780	Recht
4782	Schoenberg
4821	Andrimont
4851	Gemmenich
4860	Wegnez
4861	Soiron
4870	Nessonvaux
4910	La Reid
4910	Polleur
4960	Bevercé
4980	Wanne
4983	Basse-Bodeux
5030	Lonzée
5060	Falisolle
5060	Keumiée
5070	Aisemont
5070	Le Roux
5080	Emines
5080	Rhisnes
5081	Bovesse
5100	Jambes
5101	Lives-Sur-Meuse
5140	Ligny
5170	Arbre
5190	Moustier-Sur-Sambre
5300	Maizeret
5300	Namêche
5300	Seilles
5300	Vezin
5310	Dhuy
5310	Liernu
5310	Mehaigne
5330	Assesse
5330	Maillen
5340	Gesves
5340	Haltinne
5350	Ohey
5360	Hamois
5361	Mohiville
5370	Havelange
5370	Jeneffe
5376	Miécret
5377	Baillonville
5377	Somme-Leuze
5377	Waillet
5380	Cortil-Wodon
5380	Franc-Waret
5380	Hemptinne
5380	Pontillas
5503	Sorinnes
5522	Falaen
5530	Spontin
5537	Annevoie-Rouillon
5537	Bioul
5537	Sosoye
5540	Hastière-Lavaux
5540	Waulsort
5550	Bagimont
5550	Membre
5550	Orchimont
5555	Baillamont
5555	Bièvre
5555	Cornimont
5560	Ciergnon
5560	Finnevaux
5560	Hulsonniaux
5560	Mesnil-Saint-Blaise
5564	Wanlin
5570	Honnay
5570	Javingue
5573	Martouzin-Neuville
5575	Sart-Custinne
5575	Vencimont
5576	Froidfontaine
5580	Villers-Sur-Lesse
5590	Achêne
5590	Leignon
5600	Franchimont
5600	Merlemont
5600	Roly
5600	Samart
5600	Surice
5630	Daussois
5640	Biesme
5651	Gourdinne
5670	Vierves-Sur-Viroin
5670	Viroinval
5680	Doische
5680	Matagne-La-Petite
5680	Romerée
5680	Vaucelles
6031	Monceau-Sur-Sambre
6120	Marbaix
6120	Nalinnes
6150	Anderlues
6183	Trazegnies
6210	Les Bons Villers
6210	Villers-Perwin
6211	Mellet
6221	Saint-Amand
6230	Buzet
6230	Pont-À-Celles
6238	Liberchies
6240	Farciennes
6250	Aiseau
6440	Boussu-Lez-Walcourt
6440	Fourbechies
6440	Froidchapelle
6460	Salles
6462	Vaulx-Lez-Chimay
6464	L'escaillère
6470	Montbliart
6470	Sautin
6500	Beaumont
6532	Ragnies
6536	Thuillies
6542	Sars-La-Buissière
6567	Labuissière
6567	Merbes-Le-Château
6596	Forge-Philippe
6596	Seloignes
6600	Longvilly
6600	Villers-La-Bonne-Eau
6640	Morhet
6660	Nadrin
6687	Bertogne
6692	Petit-Thier
6698	Grand-Halleux
6700	Arlon
6700	Bonnert
6706	Autelbas
6717	Tontelange
6724	Rulles
6730	Rossignol
6730	Tintigny
6742	Chantemelle
6750	Musson
6750	Mussy-La-Ville
6760	Ruette
6760	Virton
6780	Hondelange
6780	Messancy
6800	Bras
6800	Moircy
6800	Recogne
6810	Izel
6820	Sainte-Cécile
6831	Noirfontaine
6840	Neufchâteau
6856	Fays-Les-Veneurs
6860	Witry
6870	Saint-Hubert
6880	Auby-Sur-Semois
6890	Redu
6900	On
6900	Waha
6927	Resteigne
6929	Porcheresse
6941	Bende
6941	Tohogne
6941	Villers-Sainte-Gertrude
6953	Forrières
6960	Dochamps
6986	Halleux
7020	Nimy
7022	Harmignies
7032	Spiennes
7034	Saint-Denis
7040	Aulnois
7040	Goegnies-Chaussée
7040	Quévy-Le-Grand
7040	Quévy-Le-Petit
7041	Givry
7060	Horrues
7062	Naast
7070	Le Roeulx
7070	Mignault
7080	La Bouverie
7080	Sars-La-Bruyère
7100	Haine-Saint-Pierre
7100	La Louvière
7100	Saint-Vaast
7110	Houdeng-Aimeries
7120	Estinnes
7120	Vellereille-Le-Sec
7130	Battignies
7134	Epinois
7140	Morlanwelz
7160	Godarville
7170	Fayt-Lez-Manage
7181	Feluy
7321	Harchies
7332	Neufmaison
7334	Hautrage
7350	Hensies
7370	Elouges
7387	Marchipont
7387	Montignies-Sur-Roc
7387	Roisin
7520	Ramegnies-Chin
7520	Templeuve
7521	Chercq
7522	Blandain
7531	Havinnes
7533	Thimougies
7534	Maulde
7538	Vezon
7540	Melles
7540	Quartes
7603	Bon-Secours
7604	Brasmenil
7620	Bléharies
7621	Lesdain
7640	Antoing
7640	Péronnes-Lez-Antoing
7642	Calonne
7700	Mouscron
7730	Estaimpuis
7730	Evregnies
7730	Leers-Nord
7750	Amougies
7750	Russeignies
7760	Escanaffles
7782	Ploegsteert
7812	Mainvault
7812	Moulbaix
7822	Meslin-L'evêque
7823	Gibecq
7830	Fouleng
7850	Marcq
7860	Lessines
7862	Ogy
7870	Cambron-Saint-Vincent
7903	Chapelle-À-Oie
7906	Gallaix
7910	Ellignies-Lez-Frasnes
7911	Herquegies
7943	Gages
7950	Grosage
7950	Ladeuze
7950	Tongre-Saint-Martin
7951	Tongre-Notre-Dame
7972	Quevaucamps
8340	Damme
8340	Oostkerke
8340	Sijsele
8377	Houtave
8400	Stene
8450	Bredene
8460	Ettelgem
8460	Westkerke
8480	Ichtegem
8490	Zerkegem
8511	Aalbeke
8531	Bavikhove
8540	Deerlijk
8553	Otegem
8560	Wevelgem
8573	Tiegem
8610	Handzame
8630	Eggewaartskapelle
8647	Noordschote
8660	De Panne
8680	Bovekerke
8680	Koekelare
8691	Gijverinkhove
8691	Izenberge
8700	Tielt
8710	Sint-Baafs-Vijve
8710	Wielsbeke
8720	Markegem
8730	Sint-Joris
8780	Oostrozebeke
8791	Beveren
8800	Roeselare
8840	Oostnieuwkerke
8851	Koolskamp
8860	Lendelede
8870	Emelgem
8890	Moorslede
8900	Sint-Jan
8940	Wervik
8950	Heuvelland
8952	Wulvergem
8970	Reningelst
8980	Passendale
9032	Wondelgem
9080	Lochristi
9080	Zeveneken
9111	Belsele
9112	Sinaai-Waas
9120	Haasdonk
9150	Bazel
9150	Rupelmonde
9160	Lokeren
9200	Baasrode
9220	Moerzeke
9255	Opdorp
9280	Denderbelle
9290	Berlare
9290	Overmere
9310	Meldert
9340	Smetlede
9400	Denderwindeke
9420	Bambrugge
9500	Moerbeke
9500	Onkerzele
9500	Zarlardinge
9506	Nieuwenhove
9506	Zandbergen
9520	Oombergen
9520	Sint-Lievens-Houtem
9521	Letterhoutem
9550	Hillegem
9552	Borsbeke
9620	Leeuwergem
9620	Oombergen
9660	Elst
9660	Zegelsem
9667	Sint-Maria-Horebeke
9688	Schorisse
9690	Berchem
9690	Ruien
9700	Bevere
9700	Ename
9800	Deinze
9800	Gottem
9800	Wontergem
9820	Melsen
9820	Munte
9860	Gijzenzele
9860	Moortsele
9870	Machelen
9880	Aalter
9880	Poeke
9900	Eeklo
9920	Lovendegem
9921	Vinderhoute
9930	Zomergem
9932	Ronsele
9940	Sleidinge
9968	Bassevelde
9971	Lembeke
9980	Sint-Laureins
9981	Sint-Margriete
9988	Watervliet
1030	Schaerbeek
1150	Woluwe-Saint-Pierre
1210	Saint-Josse-Ten-Noode
1300	Limal
1315	Incourt
1315	Piètrebais
1315	Roux-Miroir
1325	Bonlez
1325	Corroy-Le-Grand
1340	Ottignies-Louvain-La-Neuve
1350	Folx-Les-Caves
1357	Neerheylissem
1360	Perwez
1370	Jodoigne
1390	Biez
1401	Baulers
1421	Ophain-Bois-Seigneur-Isaac
1430	Bierghes
1450	Chastre
1450	Chastre-Villeroux-Blanmont
1450	Saint-Géry
1457	Nil-Saint-Vincent-Saint-Martin
1457	Tourinnes-Saint-Lambert
1461	Haut-Ittre
1470	Baisy-Thy
1474	Ways
1501	Buizingen
1547	Biévène
1630	Linkebeek
1640	Rhode-Saint-Genèse
1700	Sint-Ulriks-Kapelle
1702	Groot-Bijgaarden
1731	Relegem
1731	Zellik
1740	Ternat
1750	Gaasbeek
1750	Lennik
1780	Wemmel
1785	Hamme
1790	Affligem
1790	Essene
1790	Teralfene
1820	Perk
1860	Meise
1910	Berg
1910	Buken
1910	Nederokkerzeel
1930	Zaventem
1932	Sint-Stevens-Woluwe
2020	Antwerpen
2030	Antwerpen
2100	Deurne
2220	Hallaar
2220	Heist-Op-Den-Berg
2222	Wiekevorst
2230	Ramsel
2235	Houtvenne
2260	Zoerle-Parwijs
2280	Grobbendonk
2290	Vorselaar
2300	Turnhout
2360	Oud-Turnhout
2380	Ravels
2382	Poppel
2431	Veerle
2490	Balen
2520	Broechem
2560	Bevel
2570	Duffel
2800	Walem
2811	Leest
2820	Rijmenam
2830	Tisselt
2830	Willebroek
2870	Ruisbroek
2890	Lippelo
2960	Brecht
2990	Wuustwezel
3020	Herent
3020	Veltem-Beisem
3040	Huldenberg
3051	Sint-Joris-Weert
3053	Haasrode
3060	Bertem
3080	Tervuren
3080	Vossem
3140	Keerbergen
3150	Haacht
3210	Lubbeek
3211	Binkom
3220	Kortrijk-Dutsel
3220	Sint-Pieters-Rode
3272	Testelt
3300	Hakendover
3300	Oorbeek
3300	Tienen
3300	Vissenaken
3350	Drieslinter
3350	Melkwezer
3350	Overhespen
3370	Roosbeek
3400	Overwinden
3401	Walshoutem
3401	Wezeren
3440	Dormaal
3450	Geetbets
3461	Molenbeek-Wersbeek
3470	Sint-Margriete-Houtem
3471	Hoeleden
3473	Waanrode
3500	Sint-Lambrechts-Herk
3511	Stokrooie
3530	Houthalen-Helchteren
3540	Berbroek
3540	Herk-De-Stad
3545	Halen
3550	Heusden
3550	Heusden-Zolder
3560	Lummen
3581	Beverlo
3583	Paal
3590	Diepenbeek
3620	Veldwezelt
3630	Mechelen-Aan-De-Maas
3630	Opgrimbie
3631	Uikhoven
3640	Kessenich
3650	Dilsen
3670	Gruitrode
3670	Meeuwen-Gruitrode
3670	Neerglabbeek
3700	Diets-Heur
3700	Neerrepen
3700	Overrepen
3700	Tongeren
3700	Vreren
3723	Guigoven
3730	Hoeselt
3730	Romershoven
3730	Werm
3740	Munsterbilzen
3742	Martenslinde
3746	Hoelbeek
3790	Fourons
3798	Fouron-Le-Comte
3800	Brustem
3800	Zepperen
3806	Velm
3830	Wellen
3840	Bommershoven
3840	Borgloon
3840	Jesseren
3840	Kerniel
3840	Kolmont
3850	Nieuwerkerken
3870	Mettekoven
3870	Opheers
3890	Vorsen
3900	Overpelt
3945	Ham
3960	Beek
3960	Bree
3990	Grote-Brogel
3990	Wijchmaal
4020	Bressoux
4040	Herstal
4041	Vottem
4051	Vaux-Sous-Chèvremont
4053	Embourg
4120	Ehein
4120	Rotheux-Rimière
4210	Hannêche
4219	Ambresin
4252	Omal
4260	Fallais
4260	Fumal
4280	Moxhe
4280	Petit-Hallet
4280	Thisnes
4287	Lincent
4300	Bettincourt
4300	Bleret
4300	Waremme
4317	Celles
4317	Faimes
4317	Les Waleffes
4340	Awans
4342	Hognoul
4357	Jeneffe
4367	Thys
4453	Villers-Saint-Siméon
4460	Bierset
4460	Hollogne-Aux-Pierres
4470	Saint-Georges-Sur-Meuse
4480	Hermalle-Sous-Huy
4500	Ben-Ahin
4500	Huy
4520	Vinalmont
4530	Vaux-Et-Borset
4540	Amay
4540	Ombret
4557	Soheit-Tinlot
4560	Terwagne
4577	Outrelouxhe
4577	Strée-Lez-Huy
4590	Ellemelle
4590	Warzée
4600	Lixhe
4607	Mortroux
4610	Queue-Du-Bois
4620	Fléron
4630	Ayeneux
4631	Evegnée
4654	Charneux
4670	Mortier
4671	Housse
4680	Oupeye
4802	Heusy
4830	Limbourg
4834	Goé
4845	Sart-Lez-Spa
4850	Plombières
4851	Sippenaeken
4852	Hombourg
4870	Fraipont
4870	Trooz
4890	Thimister
4920	Aywaille
4920	Ernonheid
4950	Waimes
4960	Malmedy
4980	Trois-Ponts
4987	Chevron
4990	Bra
5000	Beez
5002	Saint-Servais
5020	Champion
5020	Suarlée
5020	Temploux
5022	Cognelée
5030	Beuzet
5030	Grand-Manil
5060	Auvelais
5060	Velaine-Sur-Sambre
5070	Fosses-La-Ville
5070	Sart-Eustache
5080	Villers-Lez-Heest
5101	Erpent
5101	Loyers
5140	Boignée
5170	Lustin
5170	Profondeville
5190	Mornimont
5300	Landenne
5310	Branchon
5310	Hanret
5310	Leuze
5310	Noville-Sur-Méhaigne
5333	Sorinne-La-Longue
5340	Faulx-Les-Tombes
5340	Mozet
5350	Evelette
5351	Haillot
5360	Natoye
5362	Achet
5370	Flostoy
5374	Maffe
5377	Bonsin
5377	Heure
5377	Hogne
5377	Noiseux
5380	Fernelmont
5380	Forville
5380	Marchovelette
5520	Anthée
5523	Sommière
5530	Dorinne
5530	Evrehailles
5537	Anhée
5540	Hermeton-Sur-Meuse
5550	Alle
5550	Bohan
5550	Laforet
5550	Sugny
5555	Gros-Fays
5555	Petit-Fays
5560	Mesnil-Eglise
5570	Baronville
5570	Beauraing
5570	Vonêche
5570	Winenne
5574	Pondrôme
5575	Bourseigne-Neuve
5575	Houdremont
5575	Rienne
5575	Willerzie
5580	Han-Sur-Lesse
5580	Jemelle
5580	Rochefort
5580	Wavreille
5600	Fagnolle
5600	Jamiolle
5600	Romedenne
5620	Corenne
5621	Hanzinelle
5644	Ermeton-Sur-Biert
5650	Chastrès
5650	Clermont
5650	Pry
5651	Laneffe
5660	Brûly-De-Pesche
5660	Petite-Chapelle
5670	Le Mesnil
5680	Gochenée
5680	Matagne-La-Grande
5680	Vodelée
6030	Marchienne-Au-Pont
6040	Jumet
6042	Lodelinsart
6044	Roux
6060	Gilly
6111	Landelies
6120	Jamioulx
6200	Bouffioulx
6210	Wayaux
6220	Heppignies
6230	Thiméon
6230	Viesville
6238	Luttre
6240	Pironchamps
6250	Presles
6250	Roselies
6460	Chimay
6464	Baileux
6470	Sivry-Rance
6500	Solre-Saint-Géry
6530	Leers-Et-Fosteau
6531	Biesme-Sous-Thuin
6543	Bienne-Lez-Happart
6560	Erquelinnes
6560	Grand-Reng
6560	Solre-Sur-Sambre
6642	Juseret
6663	Mabompré
6670	Limerlé
6681	Lavacherie
6688	Longchamps
6700	Toernich
6730	Saint-Vincent
6741	Vance
6747	Châtillon
6769	Sommethonne
6780	Wolkrange
6781	Sélange
6782	Habergy
6791	Athus
6800	Sainte-Marie-Chevigny
6811	Les Bulles
6823	Villers-Devant-Orval
6836	Dohan
6840	Grapfontaine
6840	Longlier
6840	Tournay
6880	Bertrix
6880	Cugnon
6880	Orgeo
6887	Herbeumont
6890	Ochamps
6900	Hargimont
6920	Sohier
6920	Wellin
6924	Lomprez
6929	Gembes
6929	Haut-Fays
6940	Grandhan
6940	Septon
6941	Borlon
6950	Harsin
6953	Lesterny
6960	Grandmenil
6960	Malempré
6960	Manhay
6970	Tenneville
6972	Erneuville
6984	Hives
6987	Rendeux
6990	Fronville
6997	Amonines
7000	Mons
7030	Saint-Symphorien
7041	Havay
7050	Erbisoeul
7050	Jurbise
7050	Masnuy-Saint-Pierre
7060	Soignies
7080	Eugies
7080	Noirchain
7090	Hennuyères
7090	Petit-Roeulx-Lez-Braine
7090	Ronquières
7100	Haine-Saint-Paul
7110	Boussoit
7110	Strépy-Bracquegnies
7120	Croix-Lez-Rouveroy
7120	Fauroeulx
7120	Vellereille-Les-Brayeux
7130	Binche
7131	Waudrez
7133	Buvrinnes
7134	Leval-Trahegnies
7134	Ressaix
7140	Morlanwelz-Mariemont
7170	Bois-D'haine
7181	Petit-Roeulx-Lez-Nivelles
7190	Ecaussinnes-D'enghien
7190	Marche-Lez-Ecaussinnes
7320	Bernissart
7331	Baudour
7332	Sirault
7333	Tertre
7340	Paturages
7350	Hainin
7387	Autreppe
7390	Wasmuel
7500	Ere
7500	Saint-Maur
7502	Esplechin
7522	Lamain
7532	Beclers
7540	Rumillies
7543	Mourcourt
7548	Warchin
7608	Wiers
7610	Rumes
7618	Taintignies
7620	Jollain-Merlin
7624	Howardries
7740	Warcoing
7743	Esquelmes
7743	Obigies
7750	Anseroeul
7760	Celles
7780	Comines
7784	Warneton
7801	Irchonwelz
7803	Bouvignies
7811	Arbre
7812	Villers-Notre-Dame
7822	Ghislenghien
7830	Hellebecq
7830	Hoves
7830	Thoricourt
7850	Petit-Enghien
7866	Bois-De-Lessines
7870	Bauffe
7880	Flobecq
7890	Ellezelles
7890	Lahamaide
7910	Arc-Wattripont
7910	Wattripont
7911	Buissenal
7911	Montroeul-Au-Bois
7950	Chièvres
7970	Beloeil
7972	Aubechies
8000	Koolkerke
8200	Sint-Andries
8210	Zedelgem
8377	Meetkerke
8377	Zuienkerke
8420	Klemskerke
8433	Sint-Pieters-Kapelle
8433	Slijpe
8470	Gistel
8490	Snellegem
8500	Kortrijk
8501	Bissegem
8530	Harelbeke
8531	Hulste
8552	Moen
8554	Sint-Denijs
8581	Kerkhove
8583	Bossuit
8587	Espierres
8587	Helchin
8600	Kaaskerke
8600	Leke
8600	Oudekapelle
8600	Woumen
8630	Avekapelle
8630	Bulskamp
8630	Houtem
8630	Steenkerke
8630	Veurne
8647	Lo
8647	Reninge
8670	Oostduinkerke
8670	Wulpen
8690	Hoogstade
8690	Oeren
8690	Sint-Rijkers
8700	Schuiferskapelle
8710	Ooigem
8720	Oeselgem
8770	Ingelmunster
8790	Waregem
8800	Oekene
8820	Torhout
8840	Staden
8850	Ardooie
8880	Ledegem
8900	Brielen
8900	Dikkebus
8902	Zillebeke
8906	Elverdinge
8920	Bikschote
8920	Poelkapelle
8930	Menen
8970	Poperinge
9000	Gent
9030	Mariakerke
9050	Ledeberg
9090	Melle
9120	Kallo
9130	Kallo
9130	Kieldrecht
9130	Verrebroek
9140	Temse
9140	Tielrode
9190	Kemzeke
9200	Dendermonde
9200	Mespelare
9200	Schoonaarde
9230	Massemen
9260	Serskamp
9260	Wichelen
9270	Laarne
9280	Wieze
9308	Gijzegem
9310	Herdersem
9310	Moorsel
9320	Nieuwerkerken
9340	Lede
9340	Oordegem
9340	Wanzele
9400	Lieferinge
9401	Pollare
9403	Neigem
9420	Burst
9420	Erpe
9450	Haaltert
9450	Heldergem
9472	Iddergem
9500	Nederboelare
9500	Overboelare
9506	Grimminge
9506	Schendelbeke
9520	Bavegem
9550	Herzele
9570	Lierde
9570	Sint-Maria-Lierde
9572	Sint-Martens-Lierde
9600	Renaix
9620	Grotenberge
9620	Sint-Goriks-Oudenhove
9630	Beerlegem
9630	Dikkele
9630	Rozebeke
9660	Michelbeke
9660	Nederbrakel
9690	Kluisbergen
9700	Nederename
9750	Zingem
9770	Kruishoutem
9790	Wortegem
9800	Zeveren
9830	Sint-Martens-Latem
9840	Zevergem
9850	Landegem
9860	Balegem
9860	Landskouter
9860	Scheldewindeke
9870	Olsene
9870	Zulte
9890	Gavere
9931	Oostwinkel
9960	Assenede
9968	Oosteeklo
1090	Jette
1160	Auderghem
1300	Wavre
1315	Glimes
1315	Opprebais
1325	Chaumont-Gistoux
1331	Rosières
1350	Noduwez
1350	Orp-Jauche
1357	Opheylissem
1360	Thorembais-Les-Béguines
1360	Thorembais-Saint-Trond
1367	Autre-Eglise
1367	Huppaye
1370	Dongelberg
1370	Jauchelette
1370	Saint-Jean-Geest
1390	Grez-Doiceau
1400	Nivelles
1402	Thines
1430	Rebecq-Rognon
1440	Wauthier-Braine
1471	Loupoigne
1473	Glabais
1480	Oisquercq
1480	Tubize
1495	Marbais
1495	Villers-La-Ville
1502	Lembeek
1540	Herne
1560	Hoeilaart
1600	Oudenaken
1601	Ruisbroek
1620	Drogenbos
1652	Alsemberg
1670	Bogaarden
1670	Pepingen
1701	Itterbeek
1730	Bekkerzeel
1730	Kobbegem
1730	Mollem
1741	Wambeek
1755	Gooik
1760	Pamel
1770	Liedekerke
1800	Peutie
1840	Malderen
1880	Kapelle-Op-Den-Bos
1880	Nieuwenrode
1950	Kraainem
1970	Wezembeek-Oppem
1980	Eppegem
1981	Hofstade
2000	Antwerpen
2018	Antwerpen
2040	Lillo
2040	Zandvliet
2200	Morkhoven
2200	Noorderwijk
2240	Zandhoven
2260	Westerlo
2275	Gierle
2322	Minderhout
2323	Wortel
2330	Merksplas
2340	Beerse
2350	Vosselaar
2381	Weelde
2387	Baarle-Hertog
2400	Mol
2430	Eindhout
2440	Geel
2460	Kasterlee
2460	Lichtaart
2500	Lier
2550	Kontich
2610	Wilrijk
2650	Edegem
2660	Hoboken
2811	Hombeek
2812	Muizen
2870	Puurs
2880	Weert
2940	Hoevenen
2940	Stabroek
2950	Kapellen
2960	Sint-Job-In-'t-Goor
2970	s Gravenwezel
2970	Schilde
2980	Halle
3052	Blanden
3060	Korbeek-Dijle
3110	Rotselaar
3111	Wezemaal
3120	Tremelo
3150	Tildonk
3191	Hever
3212	Pellenberg
3270	Scherpenheuvel-Zichem
3272	Messelbroek
3290	Diest
3290	Schaffen
3290	Webbekom
3300	Kumtich
3300	Oplinter
3320	Hoegaarden
3360	Lovenjoel
3370	Vertrijk
3380	Glabbeek
3384	Attenrode
3390	Houwaart
3391	Meensel-Kiezegem
3401	Walsbets
3404	Attenhoven
3440	Zoutleeuw
3450	Grazen
3454	Rummen
3470	Kortenaken
3511	Kuringen
3530	Helchteren
3560	Linkhout
3570	Alken
3640	Kinrooi
3650	Rotem
3670	Meeuwen
3680	Opoeteren
3700	s Herenelderen
3700	Rutten
3717	Herstappe
3740	Grote-Spouwen
3740	Mopertingen
3740	Rosmeer
3770	Riemst
3800	Groot-Gelmen
3800	Kerkom-Bij-Sint-Truiden
3803	Duras
3803	Wilderen
3831	Herten
3832	Ulbeek
3840	Rijkel
3840	Voort
3870	Batsheers
3870	Horpmaal
3870	Mechelen-Bovelingen
3890	Kortijs
3891	Borlo
3891	Buvingen
3891	Mielen-Boven-Aalst
3930	Achel
3940	Hechtel-Eksel
3941	Eksel
3945	Kwaadmechelen
3970	Leopoldsburg
3980	Tessenderlo
3990	Peer
4000	Glain
4020	Jupille-Sur-Meuse
4020	Wandre
4031	Angleur
4122	Plainevaux
4140	Dolembreux
4140	Gomzé-Andoumont
4141	Louveigné
4190	My
4190	Xhoris
4210	Marneffe
4217	Héron
4217	Lavoir
4217	Waret-L'evêque
4218	Couthuin
4219	Acosse
4250	Boëlhe
4250	Geer
4250	Hollogne-Sur-Geer
4250	Lens-Saint-Servais
4257	Berloz
4260	Avennes
4260	Braives
4260	Ville-En-Hesbaye
4280	Avin
4280	Crehen
4280	Trognée
4280	Villers-Le-Peuplier
4287	Pellaines
4300	Lantremange
4317	Aineffe
4317	Borlez
4340	Villers-L'evêque
4347	Freloux
4347	Noville
4350	Pousset
4357	Limont
4360	Lens-Sur-Geer
4360	Otrange
4367	Crisnée
4367	Kemexhe
4400	Flémalle-Grande
4420	Montegnée
4432	Xhendremael
4451	Voroux-Lez-Liers
4452	Paifve
4452	Wihogne
4460	Velroux
4480	Clermont-Sous-Huy
4480	Engis
4500	Tihange
4520	Bas-Oha
4530	Warnant-Dreye
4550	Saint-Séverin
4557	Tinlot
4560	Les Avins
4560	Ocquier
4570	Marchin
4570	Vyle-Et-Tharoul
4577	Modave
4600	Richelle
4607	Feneur
4610	Bellaire
4610	Beyne-Heusay
4630	Soumagne
4630	Tignée
4650	Herve
4670	Trembleur
4672	Saint-Remy
4680	Hermée
4684	Haccourt
4690	Glons
4690	Roclenge-Sur-Geer
4701	Kettenis
4720	La Calamine
4728	Hergenrath
4730	Hauset
4771	Heppenbach
4784	Crombach
4790	Reuland
4791	Thommen
4800	Lambermont
4801	Stembert
4820	Dison
4831	Bilstain
4837	Baelen
4837	Membach
4860	Cornesse
4870	Forêt
4900	Spa
4950	Faymonville
4950	Robertville
4980	Fosse
4987	Lorcé
5001	Belgrade
5020	Daussoulx
5020	Vedrin
5021	Boninne
5024	Marche-Les-Dames
5030	Ernage
5030	Sauvenière
5031	Grand-Leez
5032	Bossière
5060	Tamines
5080	Warisoulx
5081	Meux
5100	Wépion
5170	Bois-De-Villers
5190	Balâtre
5190	Saint-Martin
5300	Sclayn
5310	Aische-En-Refail
5310	Eghezée
5310	Longchamps
5310	Taviers
5330	Sart-Bernard
5332	Crupet
5334	Florée
5361	Scy
5363	Emptinne
5377	Nettinne
5380	Bierwart
5500	Dréhance
5502	Thynes
5504	Foy-Notre-Dame
5520	Onhaye
5521	Serville
5523	Weillen
5530	Yvoir
5550	Mouzaive
5555	Monceau-En-Ardenne
5555	Naomé
5561	Celles
5570	Felenne
5570	Feschaux
5575	Louette-Saint-Denis
5580	Ave-Et-Auffe
5580	Eprave
5580	Lessive
5590	Braibant
5590	Ciney
5590	Conneux
5590	Sovet
5600	Jamagne
5600	Neuville
5600	Omezée
5600	Philippeville
5600	Sautour
5600	Villers-En-Fagne
5620	Florennes
5620	Hemptinne-Lez-Florennes
5620	Saint-Aubin
5630	Cerfontaine
5630	Soumoy
5640	Biesmerée
5640	Graux
5640	Oret
5660	Aublain
5660	Pesche
5670	Dourbes
5670	Mazée
5670	Oignies-En-Thiérache
5670	Olloy-Sur-Viroin
6020	Dampremy
6041	Gosselies
6120	Ham-Sur-Heure
6142	Leernes
6180	Courcelles
6200	Châtelineau
6220	Wangenies
6223	Wagnelée
6224	Wanfercée-Baulet
6250	Aiseau-Presles
6250	Pont-De-Loup
6280	Gerpinnes
6280	Gougnies
6280	Joncret
6280	Villers-Poterie
6441	Erpion
6460	Bailièvre
6460	Villers-La-Tour
6464	Forges
6500	Leugnies
6530	Thuin
6533	Biercée
6534	Gozée
6560	Bersillies-L'abbaye
6560	Hantes-Wihéries
6560	Montignies-Saint-Christophe
6567	Fontaine-Valmont
6591	Macon
6593	Macquenoise
6594	Beauwelz
6600	Bastogne
6630	Martelange
6637	Fauvillers
6637	Hollange
6637	Tintange
6640	Nives
6640	Sibret
6661	Mont
6662	Tavigny
6666	Wibrin
6671	Bovigny
6680	Sainte-Ode
6690	Vielsalm
6700	Heinsch
6717	Attert
6717	Nothomb
6717	Thiaumont
6720	Habay
6720	Habay-La-Neuve
6724	Houdemont
6740	Etalle
6740	Sainte-Marie-Sur-Semois
6743	Buzenol
6747	Saint-Léger
6769	Gérouville
6769	Villers-La-Loue
6790	Aubange
6792	Rachecourt
6800	Saint-Pierre
6810	Chiny
6812	Suxy
6824	Chassepierre
6832	Sensenruth
6840	Grandvoir
6850	Offagne
6852	Opont
6860	Léglise
6890	Villance
6900	Marche-En-Famenne
6900	Roy
6927	Bure
6927	Grupont
6929	Daverdisse
6951	Bande
6960	Harre
6960	Odeigne
6980	La Roche-En-Ardenne
6987	Beffe
6987	Hodister
6987	Marcourt
6990	Marenne
6997	Soy
7011	Ghlin
7012	Jemappes
7020	Maisières
7022	Mesvin
7031	Villers-Saint-Ghislain
7033	Cuesmes
7100	Trivières
7110	Maurage
7120	Peissant
7120	Rouveroy
7134	Péronnes-Lez-Binche
7141	Carnières
7160	Chapelle-Lez-Herlaimont
7160	Piéton
7170	Bellecourt
7190	Ecaussinnes
7191	Ecaussinnes-Lalaing
7322	Pommeroeul
7340	Colfontaine
7370	Dour
7380	Baisieux
7387	Angreau
7387	Fayt-Le-Franc
7506	Willemeau
7534	Barry
7604	Wasmes-Audemez-Briffoeil
7620	Hollain
7620	Wez-Velvain
7622	Laplaigne
7623	Rongy
7730	Bailleul
7742	Hérinnes-Lez-Pecq
7760	Molenbaix
7760	Pottes
7781	Houthem
7800	Ath
7800	Lanquesaint
7812	Houtaing
7830	Gondregnies
7830	Graty
7861	Papignies
7863	Ghoy
7864	Deux-Acren
7870	Lombise
7870	Montignies-Lez-Lens
7890	Wodecq
7900	Leuze-En-Hainaut
7903	Chapelle-À-Wattines
7904	Pipaix
7904	Tourpes
7904	Willaupuis
7910	Forest
7910	Frasnes-Lez-Anvaing
7911	Frasnes-Lez-Buissenal
7911	Hacquegnies
7912	Dergneau
7912	Saint-Sauveur
7940	Brugelette
7971	Thumaide
8000	Brugge
8020	Hertsberge
8020	Waardamme
8210	Loppem
8210	Veldegem
8211	Aartrijke
8300	Knokke
8300	Westkapelle
8310	Assebroek
8310	Sint-Kruis
8340	Hoeke
8370	Blankenberge
8370	Uitkerke
8380	Dudzele
8430	Middelkerke
8431	Wilskerke
8434	Lombardsijde
8460	Roksem
8470	Moere
8490	Jabbeke
8490	Stalhille
8501	Heule
8510	Marke
8520	Kuurne
8570	Vichte
8572	Kaster
8580	Avelgem
8582	Outrijve
8600	Oostkerke
8600	Vladslo
8640	Vleteren
8647	Pollinkhove
8650	Merkem
8660	Adinkerke
8680	Zande
8691	Stavele
8700	Kanegem
8720	Dentergem
8740	Pittem
8760	Meulebeke
8800	Beveren
8810	Lichtervelde
8830	Hooglede
8840	Westrozebeke
8890	Dadizele
8902	Hollebeke
8908	Vlamertinge
8920	Langemark
8972	Krombeke
8972	Proven
8980	Zandvoorde
9040	Sint-Amandsberg
9050	Gentbrugge
9051	Afsnee
9051	Sint-Denijs-Westrem
9052	Zwijnaarde
9060	Zelzate
9090	Gontrode
9100	Nieuwkerken-Waas
9140	Steendorp
9160	Eksaarde
9185	Wachtebeke
9200	Sint-Gillis-Dendermonde
9308	Hofstade
9310	Baardegem
9400	Appelterre-Eichem
9400	Ninove
9400	Okegem
9420	Aaigem
9420	Erpe-Mere
9450	Denderhoutem
9506	Waarbeke
9520	Zonnegem
9550	Sint-Antelinks
9550	Sint-Lievens-Esse
9551	Ressegem
9620	Erwetegem
9620	Godveerdegem
9630	Meilegem
9630	Munkzwalm
9630	Paulatem
9636	Nederzwalm-Hermelgem
9660	Brakel
9667	Horebeke
9667	Sint-Kornelis-Horebeke
9680	Etikhove
9680	Maarkedal
9681	Nukerke
9700	Eine
9700	Leupegem
9700	Mater
9700	Mullem
9700	Oudenaarde
9772	Wannegem-Lede
9790	Ooike
9790	Petegem-Aan-De-Schelde
9790	Wortegem-Petegem
9800	Bachte-Maria-Leerne
9800	Grammene
9800	Petegem-Aan-De-Leie
9810	Eke
9820	Bottelare
9840	De Pinte
9860	Oosterzele
9880	Lotenhulle
9961	Boekhoute
9990	Maldegem
